{
  "Routes": [
    {
      "DownstreamPathTemplate": "/api/user",
      "DownstreamScheme": "https",
      "DownstreamHostAndPorts": [
        {
          "Host": "localhost",
          "Port": 44329
        }
      ],
      "UpstreamPathTemplate": "/gateway/user",
      "UpstreamHttpMethod": [ "GET" ]
    },
   
    {
      "DownstreamPathTemplate": "/api/admin",
      "DownstreamScheme": "https",
      "DownstreamHostAndPorts": [
        {
          "Host": "localhost",
          "Port": 44364
        }
      ],
      "UpstreamPathTemplate": "/gateway/admin",
      "UpstreamHttpMethod": [ "GET" ]
    }
  
  ],
  "GlobalConfiguration": {
    "BaseUrl": "http://localhost:44314"
  }

}