{
  "Routes": [
    {
      "DownstreamPathTemplate": "/api/user",
      "DownstreamScheme": "https",
      "DownstreamHostAndPorts": [
        {
          "Host": "localhost",
          "Port": 44329
        }
      ],
      "UpstreamPathTemplate": "/api/v1.0/flight/user",
      "UpstreamHttpMethod": [ "GET" ]
    },
    {
      "DownstreamPathTemplate": "/api/search",
      "DownstreamScheme": "https",
      "DownstreamHostAndPorts": [
        {
          "Host": "localhost",
          "Port": 44329
        }
      ],
      "UpstreamPathTemplate": "/api/v1.0/flight/search",
      "UpstreamHttpMethod": [ "POST" ]
    },
    {
      "DownstreamPathTemplate": "/api/booking/{flightid:id}",
      "DownstreamScheme": "https",
      "DownstreamHostAndPorts": [
        {
          "Host": "localhost",
          "Port": 44329
        }
      ],
      "UpstreamPathTemplate": "/api/v1.0/flight/booking/{flightid:id}",
      "UpstreamHttpMethod": [ "POST" ]
    },
    {
      "DownstreamPathTemplate": "/api/booking/history/{emailid}",
      "DownstreamScheme": "https",
      "DownstreamHostAndPorts": [
        {
          "Host": "localhost",
          "Port": 44329
        }
      ],
      "UpstreamPathTemplate": "/api/v1.0/flight/booking/history/{emailid}",
      "UpstreamHttpMethod": [ "GET" ],
      "AuthenticationOptions": {
        "AuthenticationProviderKey": "Bearer",
        "AllowedScopes": []
      }
    },
    {
      "DownstreamPathTemplate": "/api/booking/cancel/{pnr}",
      "DownstreamScheme": "https",
      "DownstreamHostAndPorts": [
        {
          "Host": "localhost",
          "Port": 44329
        }
      ],
      "UpstreamPathTemplate": "/api/v1.0/flight/booking/cancel/{pnr}",
      "UpstreamHttpMethod": [ "DELETE" ]
    },

    {
      "DownstreamPathTemplate": "/api/admin",
      "DownstreamScheme": "https",
      "DownstreamHostAndPorts": [
        {
          "Host": "localhost",
          "Port": 44364
        }
      ],
      "UpstreamPathTemplate": "/api/v1.0/flight/admin",
      "UpstreamHttpMethod": [ "GET" ]
    },
    {
      "DownstreamPathTemplate": "/api/Airlines",
      "DownstreamScheme": "https",
      "DownstreamHostAndPorts": [
        {
          "Host": "localhost",
          "Port": 44364
        }
      ],
      "UpstreamPathTemplate": "/api/v1.0/flight/airline/inventory/add",
      "UpstreamHttpMethod": [ "POST" ]
    },
    {
      "DownstreamPathTemplate": "/api/Airlines",
      "DownstreamScheme": "https",
      "DownstreamHostAndPorts": [
        {
          "Host": "localhost",
          "Port": 44364
        }
      ],
      "UpstreamPathTemplate": "/api/v1.0/flight/airline",
      "UpstreamHttpMethod": [ "GET" ]
    },
    {
      "DownstreamPathTemplate": "/api/flights",
      "DownstreamScheme": "https",
      "DownstreamHostAndPorts": [
        {
          "Host": "localhost",
          "Port": 44364
        }
      ],
      "UpstreamPathTemplate": "/api/v1.0/flight/airline/flight/add",
      "UpstreamHttpMethod": [ "POST" ]
    }

  ],
  "GlobalConfiguration": {
    "BaseUrl": "https://localhost:44314"
  }

}